exp_id,status
exp001,SUCCESS
exp002,SUCCESS
exp003,SUCCESS
exp004,SUCCESS
exp005,SUCCESS
exp006,SUCCESS
exp007,SUCCESS
exp008,SUCCESS
exp009,SUCCESS
exp010,SUCCESS
exp011,SUCCESS
exp012,SUCCESS
exp013,SUCCESS
exp014,SUCCESS
exp015,SUCCESS
exp016,SUCCESS
exp017,SUCCESS
exp018,SUCCESS
exp019,SUCCESS
exp020,SUCCESS
exp021,SUCCESS
exp022,SUCCESS
exp023,SUCCESS
exp024,SUCCESS
exp025,SUCCESS
exp026,SUCCESS
exp027,SUCCESS
exp028,SUCCESS
exp029,SUCCESS
exp030,SUCCESS
exp031,SUCCESS
exp032,SUCCESS
exp033,SUCCESS
exp034,SUCCESS
exp035,SUCCESS
exp036,SUCCESS
exp037,SUCCESS
exp038,SUCCESS
exp039,SUCCESS
exp040,SUCCESS
exp041,SUCCESS
exp042,SUCCESS
exp043,SUCCESS
exp044,SUCCESS
exp045,SUCCESS
exp046,SUCCESS
exp047,SUCCESS
exp048,SUCCESS
exp049,SUCCESS
exp050,SUCCESS
exp051,SUCCESS
exp052,SUCCESS
exp053,SUCCESS
exp054,SUCCESS
exp055,SUCCESS
exp056,SUCCESS
exp057,SUCCESS
exp058,SUCCESS
exp059,SUCCESS
exp060,SUCCESS
exp061,SUCCESS
exp062,SUCCESS
exp063,SUCCESS
exp064,SUCCESS
exp065,SUCCESS
exp066,SUCCESS
exp067,SUCCESS
exp068,SUCCESS
exp069,SUCCESS
exp070,SUCCESS
exp071,SUCCESS
exp072,SUCCESS
exp073,SUCCESS
exp074,SUCCESS
exp075,SUCCESS
exp076,SUCCESS
exp077,SUCCESS
exp078,SUCCESS
exp079,SUCCESS
exp080,SUCCESS
exp081,SUCCESS
exp082,SUCCESS
exp083,SUCCESS
exp084,SUCCESS
exp085,SUCCESS
exp086,SUCCESS
exp087,SUCCESS
exp088,SUCCESS
exp089,SUCCESS
exp090,SUCCESS
exp091,SUCCESS
exp092,SUCCESS
exp093,SUCCESS
exp094,SUCCESS
exp095,SUCCESS
exp096,SUCCESS
